<?xml version="1.0" encoding="utf-8"?>
<ArrayOfLocation xmlns:xsi="http://www.w3.org/2001/XMLSchema-instance" xmlns:xsd="http://www.w3.org/2001/XMLSchema">
  <Location>
    <Position>
      <X>4</X>
      <Y>13</Y>
    </Position>
    <MapObj>
      <Type>ServiceArea</Type>
      <number>0</number>
    </MapObj>
  </Location>
  <Location>
    <Position>
      <X>23</X>
      <Y>20</Y>
    </Position>
    <MapObj>
      <Type>Airport</Type>
      <number>0</number>
    </MapObj>
  </Location>
  <Location>
    <Position>
      <X>13</X>
      <Y>13</Y>
    </Position>
    <MapObj>
      <Type>ServiceArea</Type>
      <number>1</number>
    </MapObj>
  </Location>
  <Location>
    <Position>
      <X>22</X>
      <Y>13</Y>
    </Position>
    <MapObj>
      <Type>ServiceArea</Type>
      <number>2</number>
    </MapObj>
  </Location>
  <Location>
    <Position>
      <X>1</X>
      <Y>2</Y>
    </Position>
    <MapObj>
      <Type>Runway</Type>
      <number>0</number>
    </MapObj>
  </Location>
  <Location>
    <Position>
      <X>33</X>
      <Y>19</Y>
    </Position>
    <MapObj>
      <Type>Garage</Type>
      <number>0</number>
    </MapObj>
  </Location>  
<Location>
    <Position>
      <X>34</X>
      <Y>19</Y>
    </Position>
    <MapObj>
      <Type>Garage</Type>
      <number>0</number>
    </MapObj>
  </Location>
  <Location>
    <Position>
      <X>32</X>
      <Y>2</Y>
    </Position>
    <MapObj>
      <Type>Runway</Type>
      <number>1</number>
    </MapObj>
  </Location>
</ArrayOfLocation>